data_homologacao;orgao;municipio;modalidade;categoria;objeto;item;descricao_item;fornecedor_vencedor;cnpj_fornecedor;valor_unitario_homologado;valor_total_homologado;id_pncp
2026-05-08;CONSORCIO PUBLICO DA REGIAO NORTE DO ESPIRITO SANTO;Nova Venécia;Concorrência - Eletrônica;mão de obra;[Portal de Compras Públicas] - Registro de Preços para eventual e futura contratação de empresa especializada na prestação de serviços de revitalização e manutenção de vias públicas, tanto na sede com;1;Lote 1 - INSTALACAO MANUT. CANTEIRO MOBILIZACAO, DESMOBILIZACAO, PLACA DE OBRA 01.01 - ALUGUEL DE CONTAINER P/ ESCRITORIO C/ AR CONDICIONADO E BANHEIRO, ISOLAM.TERMICO E ACuSTICO, 2 LUMINARIAS, JANELA;DUTO ENGENHARIA EIRELI;27557792000156;;;03008926000111-1-000005/2026
2026-05-08;CONSORCIO PUBLICO DA REGIAO NORTE DO ESPIRITO SANTO;Nova Venécia;Concorrência - Eletrônica;mão de obra;[Portal de Compras Públicas] - Registro de Preços para eventual e futura contratação de empresa especializada na prestação de serviços de revitalização e manutenção de vias públicas, tanto na sede com;2;Lote 1 - INSTALACAO MANUT. CANTEIRO MOBILIZACAO, DESMOBILIZACAO, PLACA DE OBRA 01.02 - Aluguel de container tipo refeitorio simples, c/ 1 aparelho de ar condicionado, 2 luminarias e 2 janelas de vidro;DUTO ENGENHARIA EIRELI;27557792000156;;;03008926000111-1-000005/2026
2026-05-08;CONSORCIO PUBLICO DA REGIAO NORTE DO ESPIRITO SANTO;Nova Venécia;Concorrência - Eletrônica;mão de obra;[Portal de Compras Públicas] - Registro de Preços para eventual e futura contratação de empresa especializada na prestação de serviços de revitalização e manutenção de vias públicas, tanto na sede com;3;Lote 1 - INSTALACAO MANUT. CANTEIRO MOBILIZACAO, DESMOBILIZACAO, PLACA DE OBRA 01.03 - Aluguel de container para almoxarifado - INSTALACAO MANUT. CANTEIRO MOBILIZACAO, DESMOBILIZACAO, PLACA DE OBRA 01;DUTO ENGENHARIA EIRELI;27557792000156;;;03008926000111-1-000005/2026
2026-05-08;CONSORCIO PUBLICO DA REGIAO NORTE DO ESPIRITO SANTO;Nova Venécia;Concorrência - Eletrônica;mão de obra;[Portal de Compras Públicas] - Registro de Preços para eventual e futura contratação de empresa especializada na prestação de serviços de revitalização e manutenção de vias públicas, tanto na sede com;4;Lote 1 - INSTALACAO MANUT. CANTEIRO MOBILIZACAO, DESMOBILIZACAO, PLACA DE OBRA 01.04 - Aluguel de container tipo sanitario com 3 vasos sanitarios, lavatorio, mictorio, 5 chuveiros, 2 venezianas e piso;DUTO ENGENHARIA EIRELI;27557792000156;;;03008926000111-1-000005/2026
2026-05-08;CONSORCIO PUBLICO DA REGIAO NORTE DO ESPIRITO SANTO;Nova Venécia;Concorrência - Eletrônica;mão de obra;[Portal de Compras Públicas] - Registro de Preços para eventual e futura contratação de empresa especializada na prestação de serviços de revitalização e manutenção de vias públicas, tanto na sede com;5;Lote 1 - INSTALACAO MANUT. CANTEIRO MOBILIZACAO, DESMOBILIZACAO, PLACA DE OBRA 01.05 - Aluguel de container tipo vestiario, 2 luminarias, piso especial e janela - INSTALACAO MANUT. CANTEIRO MOBILIZACA;DUTO ENGENHARIA EIRELI;27557792000156;;;03008926000111-1-000005/2026
2026-05-08;CONSORCIO PUBLICO DA REGIAO NORTE DO ESPIRITO SANTO;Nova Venécia;Concorrência - Eletrônica;mão de obra;[Portal de Compras Públicas] - Registro de Preços para eventual e futura contratação de empresa especializada na prestação de serviços de revitalização e manutenção de vias públicas, tanto na sede com;6;Lote 1 - INSTALACAO MANUT. CANTEIRO MOBILIZACAO, DESMOBILIZACAO, PLACA DE OBRA 01.06 - Rede de agua c/ padrao de entrada d`agua diam. 3/4 conf. CESAN, incl. tubos e conexoes p/ aliment., distrib., ext;DUTO ENGENHARIA EIRELI;27557792000156;;;03008926000111-1-000005/2026
2026-05-08;CONSORCIO PUBLICO DA REGIAO NORTE DO ESPIRITO SANTO;Nova Venécia;Concorrência - Eletrônica;mão de obra;[Portal de Compras Públicas] - Registro de Preços para eventual e futura contratação de empresa especializada na prestação de serviços de revitalização e manutenção de vias públicas, tanto na sede com;7;Lote 1 - INSTALACAO MANUT. CANTEIRO MOBILIZACAO, DESMOBILIZACAO, PLACA DE OBRA 01.07 Rede de esgoto, contendo fossa e filtro, incl. tubos e conexoes de ligacao entre caixas, considerando distancia de ;DUTO ENGENHARIA EIRELI;27557792000156;;;03008926000111-1-000005/2026
2026-05-08;CONSORCIO PUBLICO DA REGIAO NORTE DO ESPIRITO SANTO;Nova Venécia;Concorrência - Eletrônica;mão de obra;[Portal de Compras Públicas] - Registro de Preços para eventual e futura contratação de empresa especializada na prestação de serviços de revitalização e manutenção de vias públicas, tanto na sede com;8;Lote 1 - INSTALACAO MANUT. CANTEIRO MOBILIZACAO, DESMOBILIZACAO, PLACA DE OBRA 01.08 - Rede de luz, incl. padrao entr. energia trifas. cabo ligacao ate barracoes, quadro distrib., disj. e chave de for;DUTO ENGENHARIA EIRELI;27557792000156;;;03008926000111-1-000005/2026
2026-05-08;CONSORCIO PUBLICO DA REGIAO NORTE DO ESPIRITO SANTO;Nova Venécia;Concorrência - Eletrônica;mão de obra;[Portal de Compras Públicas] - Registro de Preços para eventual e futura contratação de empresa especializada na prestação de serviços de revitalização e manutenção de vias públicas, tanto na sede com;9;Lote 1 - INSTALACAO MANUT. CANTEIRO MOBILIZACAO, DESMOBILIZACAO, PLACA DE OBRA 01.09 -Reservatorio de fibra de vidro de 1000 L, incl. suporte em madeira de 7x12cm, elevado de 4m  - INSTALACAO MANUT. C;DUTO ENGENHARIA EIRELI;27557792000156;;;03008926000111-1-000005/2026
2026-05-08;CONSORCIO PUBLICO DA REGIAO NORTE DO ESPIRITO SANTO;Nova Venécia;Concorrência - Eletrônica;mão de obra;[Portal de Compras Públicas] - Registro de Preços para eventual e futura contratação de empresa especializada na prestação de serviços de revitalização e manutenção de vias públicas, tanto na sede com;10;Lote 1 - INSTALACAO MANUT. CANTEIRO MOBILIZACAO, DESMOBILIZACAO, PLACA DE OBRA 01.10 - Tapume Telha Metalica Ondulada 0,50mm Branca h=2,20m, incl. montagem estr. mad. 8x8, incl. faixas pint. esmalte s;DUTO ENGENHARIA EIRELI;27557792000156;;;03008926000111-1-000005/2026
2026-05-08;CONSORCIO PUBLICO DA REGIAO NORTE DO ESPIRITO SANTO;Nova Venécia;Concorrência - Eletrônica;mão de obra;[Portal de Compras Públicas] - Registro de Preços para eventual e futura contratação de empresa especializada na prestação de serviços de revitalização e manutenção de vias públicas, tanto na sede com;11;Lote 1 - INSTALACAO MANUT. CANTEIRO MOBILIZACAO, DESMOBILIZACAO, PLACA DE OBRA 01.11 - Placa de obra nas dimensoes de 3,0 x 6,0 m, padrao DER-ES - INSTALACAO MANUT. CANTEIRO MOBILIZACAO, DESMOBILIZACA;DUTO ENGENHARIA EIRELI;27557792000156;;;03008926000111-1-000005/2026
2026-05-08;CONSORCIO PUBLICO DA REGIAO NORTE DO ESPIRITO SANTO;Nova Venécia;Concorrência - Eletrônica;mão de obra;[Portal de Compras Públicas] - Registro de Preços para eventual e futura contratação de empresa especializada na prestação de serviços de revitalização e manutenção de vias públicas, tanto na sede com;12;Lote 1 - INSTALACAO MANUT. CANTEIRO MOBILIZACAO, DESMOBILIZACAO, PLACA DE OBRA 01.12 - SANITARIO HIDRAULICO PORTATIL - INSTALACAO MANUT. CANTEIRO MOBILIZACAO, DESMOBILIZACAO, PLACA DE OBRA 01.12 - SAN;DUTO ENGENHARIA EIRELI;27557792000156;;;03008926000111-1-000005/2026
2026-05-08;CONSORCIO PUBLICO DA REGIAO NORTE DO ESPIRITO SANTO;Nova Venécia;Concorrência - Eletrônica;mão de obra;[Portal de Compras Públicas] - Registro de Preços para eventual e futura contratação de empresa especializada na prestação de serviços de revitalização e manutenção de vias públicas, tanto na sede com;13;Lote 1 - INSTALACAO MANUT. CANTEIRO MOBILIZACAO, DESMOBILIZACAO, PLACA DE OBRA 01.13 - Mobilizacao e desmobilizacao de container ate 50 km - INSTALACAO MANUT. CANTEIRO MOBILIZACAO, DESMOBILIZACAO, PLA;DUTO ENGENHARIA EIRELI;27557792000156;;;03008926000111-1-000005/2026
2026-05-08;CONSORCIO PUBLICO DA REGIAO NORTE DO ESPIRITO SANTO;Nova Venécia;Concorrência - Eletrônica;mão de obra;[Portal de Compras Públicas] - Registro de Preços para eventual e futura contratação de empresa especializada na prestação de serviços de revitalização e manutenção de vias públicas, tanto na sede com;14;Lote 1 - DRENAGEM 02.01 Reparo de bueiros tubulares - DRENAGEM 02.01 Reparo de bueiros tubulares;DUTO ENGENHARIA EIRELI;27557792000156;;;03008926000111-1-000005/2026
2026-05-08;CONSORCIO PUBLICO DA REGIAO NORTE DO ESPIRITO SANTO;Nova Venécia;Concorrência - Eletrônica;mão de obra;[Portal de Compras Públicas] - Registro de Preços para eventual e futura contratação de empresa especializada na prestação de serviços de revitalização e manutenção de vias públicas, tanto na sede com;15;Lote 1 - DRENAGEM 02.02 Limpeza e desobstrucao de BSTC e BSCC - DRENAGEM 02.02 Limpeza e desobstrucao de BSTC e BSCC;DUTO ENGENHARIA EIRELI;27557792000156;;;03008926000111-1-000005/2026
2026-05-08;CONSORCIO PUBLICO DA REGIAO NORTE DO ESPIRITO SANTO;Nova Venécia;Concorrência - Eletrônica;mão de obra;[Portal de Compras Públicas] - Registro de Preços para eventual e futura contratação de empresa especializada na prestação de serviços de revitalização e manutenção de vias públicas, tanto na sede com;16;Lote 1 - DRENAGEM 02.03 - Reparo de caixa  coletora - DRENAGEM 02.03 - Reparo de caixa  coletora;DUTO ENGENHARIA EIRELI;27557792000156;;;03008926000111-1-000005/2026
2026-05-08;CONSORCIO PUBLICO DA REGIAO NORTE DO ESPIRITO SANTO;Nova Venécia;Concorrência - Eletrônica;mão de obra;[Portal de Compras Públicas] - Registro de Preços para eventual e futura contratação de empresa especializada na prestação de serviços de revitalização e manutenção de vias públicas, tanto na sede com;17;Lote 1 - DRENAGEM 02.04 - Limpeza e desobstrucao de bueiros - DRENAGEM 02.04 - Limpeza e desobstrucao de bueiros;DUTO ENGENHARIA EIRELI;27557792000156;;;03008926000111-1-000005/2026
2026-05-08;CONSORCIO PUBLICO DA REGIAO NORTE DO ESPIRITO SANTO;Nova Venécia;Concorrência - Eletrônica;mão de obra;[Portal de Compras Públicas] - Registro de Preços para eventual e futura contratação de empresa especializada na prestação de serviços de revitalização e manutenção de vias públicas, tanto na sede com;18;Lote 1 - DRENAGEM 02.05 - Limpeza e desobstrucao de caixa coletora - DRENAGEM 02.05 - Limpeza e desobstrucao de caixa coletora;DUTO ENGENHARIA EIRELI;27557792000156;;;03008926000111-1-000005/2026
2026-05-08;CONSORCIO PUBLICO DA REGIAO NORTE DO ESPIRITO SANTO;Nova Venécia;Concorrência - Eletrônica;mão de obra;[Portal de Compras Públicas] - Registro de Preços para eventual e futura contratação de empresa especializada na prestação de serviços de revitalização e manutenção de vias públicas, tanto na sede com;19;Lote 1 - DRENAGEM 02.06 - Escavacao mecanica em material de 1 cat. H= 0,00 a 1,50 m, em Vias Urbanas - DRENAGEM 02.06 - Escavacao mecanica em material de 1 cat. H= 0,00 a 1,50 m, em Vias Urbanas;DUTO ENGENHARIA EIRELI;27557792000156;;;03008926000111-1-000005/2026
2026-05-08;CONSORCIO PUBLICO DA REGIAO NORTE DO ESPIRITO SANTO;Nova Venécia;Concorrência - Eletrônica;mão de obra;[Portal de Compras Públicas] - Registro de Preços para eventual e futura contratação de empresa especializada na prestação de serviços de revitalização e manutenção de vias públicas, tanto na sede com;20;Lote 1 - DRENAGEM 02.07 - Escavacao mecanica em material de 1 cat. H= 1,50 a 3,00 m c/ esgotamento, em Vias Urbanas - DRENAGEM 02.07 - Escavacao mecanica em material de 1 cat. H= 1,50 a 3,00 m c/ esgo;DUTO ENGENHARIA EIRELI;27557792000156;;;03008926000111-1-000005/2026
2026-05-08;CONSORCIO PUBLICO DA REGIAO NORTE DO ESPIRITO SANTO;Nova Venécia;Concorrência - Eletrônica;mão de obra;[Portal de Compras Públicas] - Registro de Preços para eventual e futura contratação de empresa especializada na prestação de serviços de revitalização e manutenção de vias públicas, tanto na sede com;21;Lote 1 - DRENAGEM 02.08 - Reaterro de cavas c/ compactacao manual (apiloamento) em Vias Urbanas - DRENAGEM 02.08 - Reaterro de cavas c/ compactacao manual (apiloamento) em Vias Urbanas;DUTO ENGENHARIA EIRELI;27557792000156;;;03008926000111-1-000005/2026
2026-05-08;CONSORCIO PUBLICO DA REGIAO NORTE DO ESPIRITO SANTO;Nova Venécia;Concorrência - Eletrônica;mão de obra;[Portal de Compras Públicas] - Registro de Preços para eventual e futura contratação de empresa especializada na prestação de serviços de revitalização e manutenção de vias públicas, tanto na sede com;22;Lote 1 - DRENAGEM 02.09 - ATERRO COM AREIA COM ADENSAMENTO HIDR - DRENAGEM 02.09 - ATERRO COM AREIA COM ADENSAMENTO HIDR;DUTO ENGENHARIA EIRELI;27557792000156;;;03008926000111-1-000005/2026
2026-05-08;CONSORCIO PUBLICO DA REGIAO NORTE DO ESPIRITO SANTO;Nova Venécia;Concorrência - Eletrônica;mão de obra;[Portal de Compras Públicas] - Registro de Preços para eventual e futura contratação de empresa especializada na prestação de serviços de revitalização e manutenção de vias públicas, tanto na sede com;23;Lote 1 - DRENAGEM 02.10 - Caixa coletora em bloco pre-moldado para d=0,80m (1,20 x 1,20m) em Vias Urbanas - DRENAGEM 02.10 - Caixa coletora em bloco pre-moldado para d=0,80m (1,20 x 1,20m) em Vias Urb;DUTO ENGENHARIA EIRELI;27557792000156;;;03008926000111-1-000005/2026
2026-05-08;CONSORCIO PUBLICO DA REGIAO NORTE DO ESPIRITO SANTO;Nova Venécia;Concorrência - Eletrônica;mão de obra;[Portal de Compras Públicas] - Registro de Preços para eventual e futura contratação de empresa especializada na prestação de serviços de revitalização e manutenção de vias públicas, tanto na sede com;24;Lote 1 - DRENAGEM 02.13 - Tubo PEAD para drenagem - D = 800 mm - fornecimento e instalacao - DRENAGEM 02.13 - Tubo PEAD para drenagem - D = 800 mm - fornecimento e instalacao;DUTO ENGENHARIA EIRELI;27557792000156;;;03008926000111-1-000005/2026
2026-05-08;CONSORCIO PUBLICO DA REGIAO NORTE DO ESPIRITO SANTO;Nova Venécia;Concorrência - Eletrônica;mão de obra;[Portal de Compras Públicas] - Registro de Preços para eventual e futura contratação de empresa especializada na prestação de serviços de revitalização e manutenção de vias públicas, tanto na sede com;25;Lote 1 - DRENAGEM 02.14 - Corpo BSTC (greide) diametro 0,40 m CA-2 MF inclusive escavacao, reaterro e transporte do tubo em Vias Urbanas - DRENAGEM 02.14 - Corpo BSTC (greide) diametro 0,40 m CA-2 MF ;DUTO ENGENHARIA EIRELI;27557792000156;;;03008926000111-1-000005/2026
2026-05-08;CONSORCIO PUBLICO DA REGIAO NORTE DO ESPIRITO SANTO;Nova Venécia;Concorrência - Eletrônica;mão de obra;[Portal de Compras Públicas] - Registro de Preços para eventual e futura contratação de empresa especializada na prestação de serviços de revitalização e manutenção de vias públicas, tanto na sede com;26;Lote 1 - DRENAGEM 02.15 Corpo BSTC (greide) diametro 0,60 m CA-1 PB inclusive escavacao, reaterro e transporte do tubo em Vias Urbanas - DRENAGEM 02.15 Corpo BSTC (greide) diametro 0,60 m CA-1 PB incl;DUTO ENGENHARIA EIRELI;27557792000156;;;03008926000111-1-000005/2026
2026-05-08;CONSORCIO PUBLICO DA REGIAO NORTE DO ESPIRITO SANTO;Nova Venécia;Concorrência - Eletrônica;mão de obra;[Portal de Compras Públicas] - Registro de Preços para eventual e futura contratação de empresa especializada na prestação de serviços de revitalização e manutenção de vias públicas, tanto na sede com;27;Lote 1 - DRANAGEM 02.18 - Berco em brita para BSTC diam. = 0,80 m em Vias Urbanas - DRANAGEM 02.18 - Berco em brita para BSTC diam. = 0,80 m em Vias Urbanas;DUTO ENGENHARIA EIRELI;27557792000156;;;03008926000111-1-000005/2026
2026-05-08;CONSORCIO PUBLICO DA REGIAO NORTE DO ESPIRITO SANTO;Nova Venécia;Concorrência - Eletrônica;mão de obra;[Portal de Compras Públicas] - Registro de Preços para eventual e futura contratação de empresa especializada na prestação de serviços de revitalização e manutenção de vias públicas, tanto na sede com;28;Lote 1 - DRENAGEM 02.19 - Caixa de passagem em bloco pre-moldado para d=0,30 e 0,40m (0,80x0,80m) em Vias Urbanas - DRENAGEM 02.19 - Caixa de passagem em bloco pre-moldado para d=0,30 e 0,40m (0,80x0,;DUTO ENGENHARIA EIRELI;27557792000156;;;03008926000111-1-000005/2026
2026-05-08;CONSORCIO PUBLICO DA REGIAO NORTE DO ESPIRITO SANTO;Nova Venécia;Concorrência - Eletrônica;mão de obra;[Portal de Compras Públicas] - Registro de Preços para eventual e futura contratação de empresa especializada na prestação de serviços de revitalização e manutenção de vias públicas, tanto na sede com;29;Lote 1 - DRENAGEM 02.20 - Poco de visita em bloco pre-moldado para d=0,30 e 0,40 m (0,80 x 0,8 0m), em Vias Urbanas - DRENAGEM 02.20 - Poco de visita em bloco pre-moldado para d=0,30 e 0,40 m (0,80 x ;DUTO ENGENHARIA EIRELI;27557792000156;;;03008926000111-1-000005/2026
2026-05-08;CONSORCIO PUBLICO DA REGIAO NORTE DO ESPIRITO SANTO;Nova Venécia;Concorrência - Eletrônica;mão de obra;[Portal de Compras Públicas] - Registro de Preços para eventual e futura contratação de empresa especializada na prestação de serviços de revitalização e manutenção de vias públicas, tanto na sede com;30;Lote 1 - DRENAGEM 02.21 - Poco de visita em bloco pre-moldado para d=0,60 m (1,00 x 1,00 m), em Vias Urbanas - DRENAGEM 02.21 - Poco de visita em bloco pre-moldado para d=0,60 m (1,00 x 1,00 m), em Vi;DUTO ENGENHARIA EIRELI;27557792000156;;;03008926000111-1-000005/2026
2026-05-08;CONSORCIO PUBLICO DA REGIAO NORTE DO ESPIRITO SANTO;Nova Venécia;Concorrência - Eletrônica;mão de obra;[Portal de Compras Públicas] - Registro de Preços para eventual e futura contratação de empresa especializada na prestação de serviços de revitalização e manutenção de vias públicas, tanto na sede com;31;Lote 1 - DRENAGEM 02.22 - Poco de visita em bloco pre-moldado para d=0,80m (1,20x1,20m), em Vias Urbanas - DRENAGEM 02.22 - Poco de visita em bloco pre-moldado para d=0,80m (1,20x1,20m), em Vias Urban;DUTO ENGENHARIA EIRELI;27557792000156;;;03008926000111-1-000005/2026
2026-05-08;CONSORCIO PUBLICO DA REGIAO NORTE DO ESPIRITO SANTO;Nova Venécia;Concorrência - Eletrônica;mão de obra;[Portal de Compras Públicas] - Registro de Preços para eventual e futura contratação de empresa especializada na prestação de serviços de revitalização e manutenção de vias públicas, tanto na sede com;32;Lote 1 - DRENAGEM 02.23 - Caixa ralo em blocos pre-moldados e grelha articulada em FFA em Vias Urbanas - DRENAGEM 02.23 - Caixa ralo em blocos pre-moldados e grelha articulada em FFA em Vias Urbanas;DUTO ENGENHARIA EIRELI;27557792000156;;;03008926000111-1-000005/2026
2026-05-08;CONSORCIO PUBLICO DA REGIAO NORTE DO ESPIRITO SANTO;Nova Venécia;Concorrência - Eletrônica;mão de obra;[Portal de Compras Públicas] - Registro de Preços para eventual e futura contratação de empresa especializada na prestação de serviços de revitalização e manutenção de vias públicas, tanto na sede com;33;Lote 1 - DRENAGEM 02.24 - Recuperacao de poco de visita inclusive fornecimento tampao F.F.A.P., em Vias Urbanas - DRENAGEM 02.24 - Recuperacao de poco de visita inclusive fornecimento tampao F.F.A.P.,;DUTO ENGENHARIA EIRELI;27557792000156;;;03008926000111-1-000005/2026
2026-05-08;CONSORCIO PUBLICO DA REGIAO NORTE DO ESPIRITO SANTO;Nova Venécia;Concorrência - Eletrônica;mão de obra;[Portal de Compras Públicas] - Registro de Preços para eventual e futura contratação de empresa especializada na prestação de serviços de revitalização e manutenção de vias públicas, tanto na sede com;34;Lote 1 - DRENAGEM 02.25 - Fornecimento e assentamento de tampao de ferro fundido com suporte articulado, para poco de visita D=60CM. - DRENAGEM 02.25 - Fornecimento e assentamento de tampao de ferro f;DUTO ENGENHARIA EIRELI;27557792000156;;;03008926000111-1-000005/2026
2026-05-08;CONSORCIO PUBLICO DA REGIAO NORTE DO ESPIRITO SANTO;Nova Venécia;Concorrência - Eletrônica;mão de obra;[Portal de Compras Públicas] - Registro de Preços para eventual e futura contratação de empresa especializada na prestação de serviços de revitalização e manutenção de vias públicas, tanto na sede com;35;Lote 1 - DRENAGEM 02.26 - Grelha articulada, inclusive caixilho em ferro fundido - DRENAGEM 02.26 - Grelha articulada, inclusive caixilho em ferro fundido;DUTO ENGENHARIA EIRELI;27557792000156;;;03008926000111-1-000005/2026
2026-05-08;CONSORCIO PUBLICO DA REGIAO NORTE DO ESPIRITO SANTO;Nova Venécia;Concorrência - Eletrônica;mão de obra;[Portal de Compras Públicas] - Registro de Preços para eventual e futura contratação de empresa especializada na prestação de serviços de revitalização e manutenção de vias públicas, tanto na sede com;36;Lote 1 - DRENAGEM 02.28 - Remanejamento de ligacao e religacao de redes de esgoto, em Vias Urbanas - DRENAGEM 02.28 - Remanejamento de ligacao e religacao de redes de esgoto, em Vias Urbanas;DUTO ENGENHARIA EIRELI;27557792000156;;;03008926000111-1-000005/2026
2026-05-08;CONSORCIO PUBLICO DA REGIAO NORTE DO ESPIRITO SANTO;Nova Venécia;Concorrência - Eletrônica;mão de obra;[Portal de Compras Públicas] - Registro de Preços para eventual e futura contratação de empresa especializada na prestação de serviços de revitalização e manutenção de vias públicas, tanto na sede com;37;Lote 1 - DRENAGEM 02.29 - Religacao de rede de agua em PVC DN 25 mm, inclusive conexoes, em Vias Urbanas - DRENAGEM 02.29 - Religacao de rede de agua em PVC DN 25 mm, inclusive conexoes, em Vias Urban;DUTO ENGENHARIA EIRELI;27557792000156;;;03008926000111-1-000005/2026
2026-05-08;CONSORCIO PUBLICO DA REGIAO NORTE DO ESPIRITO SANTO;Nova Venécia;Concorrência - Eletrônica;mão de obra;[Portal de Compras Públicas] - Registro de Preços para eventual e futura contratação de empresa especializada na prestação de serviços de revitalização e manutenção de vias públicas, tanto na sede com;38;Lote 1 - DRENAGEM 02.30 - Religacao de rede de agua em PVC DN 32mm, incluisve conexoes - DRENAGEM 02.30 - Religacao de rede de agua em PVC DN 32mm, incluisve conexoes;DUTO ENGENHARIA EIRELI;27557792000156;;;03008926000111-1-000005/2026
2026-05-08;CONSORCIO PUBLICO DA REGIAO NORTE DO ESPIRITO SANTO;Nova Venécia;Concorrência - Eletrônica;mão de obra;[Portal de Compras Públicas] - Registro de Preços para eventual e futura contratação de empresa especializada na prestação de serviços de revitalização e manutenção de vias públicas, tanto na sede com;39;Lote 1 - DRENAGEM 02.31 - Religacao de rede de agua em PVC DN 75mm, inclusive conexoes - DRENAGEM 02.31 - Religacao de rede de agua em PVC DN 75mm, inclusive conexoes;DUTO ENGENHARIA EIRELI;27557792000156;;;03008926000111-1-000005/2026
2026-05-08;CONSORCIO PUBLICO DA REGIAO NORTE DO ESPIRITO SANTO;Nova Venécia;Concorrência - Eletrônica;mão de obra;[Portal de Compras Públicas] - Registro de Preços para eventual e futura contratação de empresa especializada na prestação de serviços de revitalização e manutenção de vias públicas, tanto na sede com;40;Lote 1 - DRENAGEM 02.32 - Transporte com caminhao basculante de 10 m - rodovia pavimentada - DRENAGEM 02.32 - Transporte com caminhao basculante de 10 m - rodovia pavimentada;DUTO ENGENHARIA EIRELI;27557792000156;;;03008926000111-1-000005/2026
2026-05-08;CONSORCIO PUBLICO DA REGIAO NORTE DO ESPIRITO SANTO;Nova Venécia;Concorrência - Eletrônica;mão de obra;[Portal de Compras Públicas] - Registro de Preços para eventual e futura contratação de empresa especializada na prestação de serviços de revitalização e manutenção de vias públicas, tanto na sede com;41;Lote 1 - DRENAGEM 02.33 - DESTINACAO FINAL DE RESiDUOS CLASSE II A EM ATERRO SANITARIO CONTROLADO - DRENAGEM 02.33 - DESTINACAO FINAL DE RESiDUOS CLASSE II A EM ATERRO SANITARIO CONTROLADO;DUTO ENGENHARIA EIRELI;27557792000156;;;03008926000111-1-000005/2026
2026-05-08;CONSORCIO PUBLICO DA REGIAO NORTE DO ESPIRITO SANTO;Nova Venécia;Concorrência - Eletrônica;mão de obra;[Portal de Compras Públicas] - Registro de Preços para eventual e futura contratação de empresa especializada na prestação de serviços de revitalização e manutenção de vias públicas, tanto na sede com;42;Lote 1 - DRENAGEM 02.34 - CARGA, MANOBRA E DESCARGA DE SOLOS E MATERIAIS GRANULARES EM CAMINHAO BASCULANTE 10 M - CARGA COM ESCAVADEIRA HIDRAULICA (CACAMBA DE 1,20 M / 155 HP) E DESCARGA LIVRE (UNIDAD;DUTO ENGENHARIA EIRELI;27557792000156;;;03008926000111-1-000005/2026
2026-05-08;CONSORCIO PUBLICO DA REGIAO NORTE DO ESPIRITO SANTO;Nova Venécia;Concorrência - Eletrônica;mão de obra;[Portal de Compras Públicas] - Registro de Preços para eventual e futura contratação de empresa especializada na prestação de serviços de revitalização e manutenção de vias públicas, tanto na sede com;43;Lote 1 - SERVICOS COMPLEMENTARES 03.31 - Demolicao manual de concreto armado em Vias Urbanas - SERVICOS COMPLEMENTARES 03.31 - Demolicao manual de concreto armado em Vias Urbanas;DUTO ENGENHARIA EIRELI;27557792000156;;;03008926000111-1-000005/2026
2026-05-08;CONSORCIO PUBLICO DA REGIAO NORTE DO ESPIRITO SANTO;Nova Venécia;Concorrência - Eletrônica;mão de obra;[Portal de Compras Públicas] - Registro de Preços para eventual e futura contratação de empresa especializada na prestação de serviços de revitalização e manutenção de vias públicas, tanto na sede com;44;Lote 1 - SERVICOS COMPLEMENTARES 03.02 - Demolicao mecanica de concreto em Vias Urbanas - SERVICOS COMPLEMENTARES 03.02 - Demolicao mecanica de concreto em Vias Urbanas;DUTO ENGENHARIA EIRELI;27557792000156;;;03008926000111-1-000005/2026
2026-05-08;CONSORCIO PUBLICO DA REGIAO NORTE DO ESPIRITO SANTO;Nova Venécia;Concorrência - Eletrônica;mão de obra;[Portal de Compras Públicas] - Registro de Preços para eventual e futura contratação de empresa especializada na prestação de serviços de revitalização e manutenção de vias públicas, tanto na sede com;45;Lote 1 - SERVICOS COMPLEMENTARES 03.04 - Concreto estrutural fck = 25,0 MPa em Vias Urbanas - SERVICOS COMPLEMENTARES 03.04 -;DUTO ENGENHARIA EIRELI;27557792000156;;;03008926000111-1-000005/2026
2026-05-08;CONSORCIO PUBLICO DA REGIAO NORTE DO ESPIRITO SANTO;Nova Venécia;Concorrência - Eletrônica;mão de obra;[Portal de Compras Públicas] - Registro de Preços para eventual e futura contratação de empresa especializada na prestação de serviços de revitalização e manutenção de vias públicas, tanto na sede com;46;Lote 1 - SERVICOS COMPLEMENTARES 03.05 - Tela de aco soldada Telcon Q-196 ou similar, fornecimento e assentamento. - SERVICOS COMPLEMENTARES 03.05 - Tela de aco soldada Telcon Q-196 ou similar, fornec;DUTO ENGENHARIA EIRELI;27557792000156;;;03008926000111-1-000005/2026
2026-05-08;CONSORCIO PUBLICO DA REGIAO NORTE DO ESPIRITO SANTO;Nova Venécia;Concorrência - Eletrônica;mão de obra;[Portal de Compras Públicas] - Registro de Preços para eventual e futura contratação de empresa especializada na prestação de serviços de revitalização e manutenção de vias públicas, tanto na sede com;47;Lote 1 - SERVICOS COMPLEMENTARES 03.06 - Aco CA-50 media, diametro de 6.3 a 10 mm, fornecimento, dobragem e colocacao nas formas - SERVICOS COMPLEMENTARES 03.06 - Aco CA-50 media, diametro de 6.3 a 10;DUTO ENGENHARIA EIRELI;27557792000156;;;03008926000111-1-000005/2026
2026-05-08;CONSORCIO PUBLICO DA REGIAO NORTE DO ESPIRITO SANTO;Nova Venécia;Concorrência - Eletrônica;mão de obra;[Portal de Compras Públicas] - Registro de Preços para eventual e futura contratação de empresa especializada na prestação de serviços de revitalização e manutenção de vias públicas, tanto na sede com;48;Lote 1 - SERVICOS COMPLEMENTARES 03.07 - Formas planas de madeira com 02 (dois) reaproveitamentos, inclusive fornecimento e transporte das madeiras, em Vias Urbanas - SERVICOS COMPLEMENTARES 03.07 - F;DUTO ENGENHARIA EIRELI;27557792000156;;;03008926000111-1-000005/2026
2026-05-08;CONSORCIO PUBLICO DA REGIAO NORTE DO ESPIRITO SANTO;Nova Venécia;Concorrência - Eletrônica;mão de obra;[Portal de Compras Públicas] - Registro de Preços para eventual e futura contratação de empresa especializada na prestação de serviços de revitalização e manutenção de vias públicas, tanto na sede com;49;Lote 1 - SERVICOS COMPLEMENTARES 03,08 - Alvenaria de bloco (39 x 19 x 19) cm espessura 19 cm em Vias Urbanas - SERVICOS COMPLEMENTARES 03,08 - Alvenaria de bloco (39 x 19 x 19) cm espessura 19 cm em ;DUTO ENGENHARIA EIRELI;27557792000156;;;03008926000111-1-000005/2026
2026-05-08;CONSORCIO PUBLICO DA REGIAO NORTE DO ESPIRITO SANTO;Nova Venécia;Concorrência - Eletrônica;mão de obra;[Portal de Compras Públicas] - Registro de Preços para eventual e futura contratação de empresa especializada na prestação de serviços de revitalização e manutenção de vias públicas, tanto na sede com;50;Lote 1 - SERVICOS COMPLEMENTARES 03.09 - Transporte com caminhao basculante de 10 m - rodovia pavimentada - SERVICOS COMPLEMENTARES 03.09 - Transporte com caminhao basculante de 10 m - rodovia pavimen;DUTO ENGENHARIA EIRELI;27557792000156;;;03008926000111-1-000005/2026
2026-07-15;CONSELHO REGIONAL DE CORRETORES DE IMOVEIS - 13 REGIAO/ES;Vitória;Pregão - Eletrônico;terceiriza;"Contratação de empresa especializada na prestação de serviços continuados de terceirização de mão 
de obra, visando à disponibilização de 01 (um) posto de Auxiliar de Serviços Gerais de Limpeza 
Predi";10001;"Contratação de empresa especializada na prestação de serviços continuados de terceirização de mão 
de obra, visando à disponibilização de 01 (um) posto de Auxiliar de Serviços Gerais de Limpeza 
Predi";ALOK SERVICE LTDA;48050852000110;99995,16;99995,16;27239854000181-1-000001/2026
2026-07-15;MUNICIPIO DE PANCAS;Pancas;Pregão - Eletrônico;motorista;[Portal de Compras Públicas] - Pregão Eletrônico, objetivando a contratação de empresa especializada para a prestação de serviço contínuo de transporte escolar (203 (duzentos e três) dias letivos), co;1;Lote 1 - MUNIC 02- Cº do Roque - Cº do Ubá - EMEF José  - MUNIC 02- Cº do Roque - Cº do Ubá - EMEF José Leandro Schwartz;JL TURISMO LTDA;34056732000115;629,88;127865,64;27174150000178-1-000003/2026
2026-07-15;MUNICIPIO DE PANCAS;Pancas;Pregão - Eletrônico;motorista;[Portal de Compras Públicas] - Pregão Eletrônico, objetivando a contratação de empresa especializada para a prestação de serviço contínuo de transporte escolar (203 (duzentos e três) dias letivos), co;2;Lote 1 - Linha Munic. MUNIC 03 - Linha Munic. MUNIC 03 - Igreja Católica Vargem Alegre - Prop. Vinicius - Dona Dadaia - Cº Santa Ana (Prop. Juarez Schumacher) - EMEF José Leandro Schwartz;JL TURISMO LTDA;34056732000115;744,86;151206,58;27174150000178-1-000003/2026
2026-07-15;MUNICIPIO DE PANCAS;Pancas;Pregão - Eletrônico;motorista;[Portal de Compras Públicas] - Pregão Eletrônico, objetivando a contratação de empresa especializada para a prestação de serviço contínuo de transporte escolar (203 (duzentos e três) dias letivos), co;3;Lote 1 - Linha Munic. MUNIC 05 - EMEF José Leandro Schwartz - MUNIC 05 - PROP. JUAREZ GILES - Cº VEADINHO - Cº VARGEM ALEGRE  -EMEF José Leandro Schwartz;JL TURISMO LTDA;34056732000115;745,04;151243,12;27174150000178-1-000003/2026
2026-07-15;MUNICIPIO DE PANCAS;Pancas;Pregão - Eletrônico;motorista;[Portal de Compras Públicas] - Pregão Eletrônico, objetivando a contratação de empresa especializada para a prestação de serviço contínuo de transporte escolar (203 (duzentos e três) dias letivos), co;4;Lote 1 - Linha Munic. MUNIC 13 - MUNIC 13 - Claros - Benedito Barbosa - Nilsin Alves - Escola - Sítio Paloma - EMEF Montes Claros - PEM Pimpolho;JL TURISMO LTDA;34056732000115;890,07;180684,21;27174150000178-1-000003/2026
2026-07-15;MUNICIPIO DE PANCAS;Pancas;Pregão - Eletrônico;motorista;[Portal de Compras Públicas] - Pregão Eletrônico, objetivando a contratação de empresa especializada para a prestação de serviço contínuo de transporte escolar (203 (duzentos e três) dias letivos), co;5;Lote 1 - Linha Munic. MUNIC 15 EMEF - Oraide Gomes de Miranda - MUNIC 15 - Prop. Danilo Romais - Cº São José - EMEF Oraide Gomes de Miranda;JL TURISMO LTDA;34056732000115;840,42;170605,26;27174150000178-1-000003/2026
2026-07-15;MUNICIPIO DE PANCAS;Pancas;Pregão - Eletrônico;motorista;[Portal de Compras Públicas] - Pregão Eletrônico, objetivando a contratação de empresa especializada para a prestação de serviço contínuo de transporte escolar (203 (duzentos e três) dias letivos), co;6;Lote 1 - Linha Munic. MUNIC 18 -Cº Alto São Pedro - Linha Munic. MUNIC 18 -Cº Alto São Pedro - EMEF Alto São Pedro - Prop. Gedison Rodrigues - Faz. Gloria - EMEF Alto São Pedro;JL TURISMO LTDA;34056732000115;635,38;128982,14;27174150000178-1-000003/2026
2026-07-15;MUNICIPIO DE PANCAS;Pancas;Pregão - Eletrônico;motorista;[Portal de Compras Públicas] - Pregão Eletrônico, objetivando a contratação de empresa especializada para a prestação de serviço contínuo de transporte escolar (203 (duzentos e três) dias letivos), co;7;Lote 1 - Linha Munic. MUNIC 23 - Linha Munic. MUNIC 23 - Alto Bela Aurora - Prop. Roberto Machado - Cº da Perdida - EMEF José Leandro Schwartz;JL TURISMO LTDA;34056732000115;775,68;157463,04;27174150000178-1-000003/2026
2026-07-15;MUNICIPIO DE PANCAS;Pancas;Pregão - Eletrônico;motorista;[Portal de Compras Públicas] - Pregão Eletrônico, objetivando a contratação de empresa especializada para a prestação de serviço contínuo de transporte escolar (203 (duzentos e três) dias letivos), co;8;Lote 1 - linha Munic. MUNIC 26 - linha Munic. MUNIC 26 - Asfalto - Prop. Nilton Caldo de Cana - Emef Cº d Espinho - Asfalto - CEIM Pequeno Príncipe;JL TURISMO LTDA;34056732000115;735,5;149306,5;27174150000178-1-000003/2026
2026-07-15;MUNICIPIO DE PANCAS;Pancas;Pregão - Eletrônico;motorista;[Portal de Compras Públicas] - Pregão Eletrônico, objetivando a contratação de empresa especializada para a prestação de serviço contínuo de transporte escolar (203 (duzentos e três) dias letivos), co;9;Lote 1 - MUNIC 32 - MUNIC 32 - Cº SÃO LUIZ DO PARANAZINHO - LINHA TRONCO;JL TURISMO LTDA;34056732000115;815,47;165540,41;27174150000178-1-000003/2026
2026-07-15;UNIVERSIDADE FEDERAL DO ESPIRITO SANTO;Vitória;Pregão - Eletrônico;mão de obra;Contratação de pessoa jurídica especializada para a prestação de serviços continuados de suporte às ações de acessibilidade, abrangendo tradução e interpretação de Libras e Atendimento Educacional Esp;1;Prestação de Serviços de Apoio Administrativo;KANTRO EMPREENDIMENTOS APOIO E SERVICOS LTDA;40282584000150;3740761,8;3740761,8;32479123000143-1-000002/2026
2026-07-15;MINISTERIO DA JUSTICA E SEGURANCA PUBLICA;Vila Velha;Pregão - Eletrônico;mão de obra;Contratação de  serviços contínuos de digitadores, a serem executados com regime de dedicação exclusiva de mão de obra, para atender a demanda da Superintendência Regional de Polícia Federal no Espíri;1;Prestação de Serviços de Apoio Administrativo;J & L MANUTENCOES E SERVICOS LTDA;40165137000110;60779,16;729349,92;00394494000136-1-001650/2025
2026-07-15;MINISTERIO DA JUSTICA E SEGURANCA PUBLICA;Vila Velha;Pregão - Eletrônico;mão de obra;Contratação de  serviços contínuos de digitadores, a serem executados com regime de dedicação exclusiva de mão de obra, para atender a demanda da Superintendência Regional de Polícia Federal no Espíri;2;Prestação de Serviços de Apoio Administrativo;J & L MANUTENCOES E SERVICOS LTDA;40165137000110;60233,04;180699,12;00394494000136-1-001650/2025
2026-07-15;MINISTERIO DA JUSTICA E SEGURANCA PUBLICA;Vila Velha;Pregão - Eletrônico;mão de obra;Contratação de  serviços contínuos de digitadores, a serem executados com regime de dedicação exclusiva de mão de obra, para atender a demanda da Superintendência Regional de Polícia Federal no Espíri;3;Prestação de Serviços de Apoio Administrativo;J & L MANUTENCOES E SERVICOS LTDA;40165137000110;60522,24;181566,72;00394494000136-1-001650/2025
2026-07-15;MUNICIPIO DE CARIACICA;Cariacica;Pregão - Eletrônico;mão de obra;[Portal de Compras Públicas] - A presente contratação tem por objeto a locação de 1 (um) caminhão baú, com mão de obra inclusa (1 motorista e 2 ajudantes), destinado ao transporte, carga, descarga e e;1;Lote 1 - 2.35.19.0261-5 - LOCACAO DE CAMINHAO BAU COM 1 MOTORISTA E 2 AJUDANTES CONFORME TERMO DE REFERENCIA;MATHEUS NASCIMENTO DE LOUREIRO;42812031000197;1750,0;462000,0;27150549000119-1-000341/2025
2026-07-15;MUNICIPIO DE GUARAPARI;Guarapari;Pregão - Eletrônico;mão de obra;Prestação de Serviços de limpeza e lavagem completa dos veículos pesados que compõem a frota oficial do Município de Guarapari/ES, incluindo fornecimento de mão de obra, materiais de consumo, máquinas;1;SEMED - Ônibus – Lavagem Geral motor Chassi + Lubrificação;ANTÔNIO FRANCISCO MARQUES;08416840000141;389,85;15594,0;27165190000153-1-000002/2026
2026-07-15;MUNICIPIO DE GUARAPARI;Guarapari;Pregão - Eletrônico;mão de obra;Prestação de Serviços de limpeza e lavagem completa dos veículos pesados que compõem a frota oficial do Município de Guarapari/ES, incluindo fornecimento de mão de obra, materiais de consumo, máquinas;2;SEMED - Micro ônibus – Lavagem Geral, motor chassi + Lubrifica;ANTÔNIO FRANCISCO MARQUES;08416840000141;337,98;33798,0;27165190000153-1-000002/2026
2026-07-15;MUNICIPIO DE GUARAPARI;Guarapari;Pregão - Eletrônico;mão de obra;Prestação de Serviços de limpeza e lavagem completa dos veículos pesados que compõem a frota oficial do Município de Guarapari/ES, incluindo fornecimento de mão de obra, materiais de consumo, máquinas;3;SEMED - Kombi - Lavagem Geral, motor chassi + Lubrificação;ANTÔNIO FRANCISCO MARQUES;08416840000141;264,67;13233,5;27165190000153-1-000002/2026
2026-07-15;MUNICIPIO DE GUARAPARI;Guarapari;Pregão - Eletrônico;mão de obra;Prestação de Serviços de limpeza e lavagem completa dos veículos pesados que compõem a frota oficial do Município de Guarapari/ES, incluindo fornecimento de mão de obra, materiais de consumo, máquinas;4;Caminhão Truck - Lavagem Geral, motor chassi + Lubrificação;ANTÔNIO FRANCISCO MARQUES;08416840000141;460,89;32262,3;27165190000153-1-000002/2026
2026-07-15;MUNICIPIO DE GUARAPARI;Guarapari;Pregão - Eletrônico;mão de obra;Prestação de Serviços de limpeza e lavagem completa dos veículos pesados que compõem a frota oficial do Município de Guarapari/ES, incluindo fornecimento de mão de obra, materiais de consumo, máquinas;5;SEMAD - Caminhão Toco - Lavagem Geral, motor chassi + Lubrificação;ANTÔNIO FRANCISCO MARQUES;08416840000141;406,01;12180,3;27165190000153-1-000002/2026
2026-07-15;MUNICIPIO DE GUARAPARI;Guarapari;Pregão - Eletrônico;mão de obra;Prestação de Serviços de limpeza e lavagem completa dos veículos pesados que compõem a frota oficial do Município de Guarapari/ES, incluindo fornecimento de mão de obra, materiais de consumo, máquinas;6;SEMAD - Caminhão cargo ford - Lavagem Geral, motor chassi + Lubrificação;ANTÔNIO FRANCISCO MARQUES;08416840000141;352,22;24655,4;27165190000153-1-000002/2026
2026-07-15;MUNICIPIO DE GUARAPARI;Guarapari;Pregão - Eletrônico;mão de obra;Prestação de Serviços de limpeza e lavagem completa dos veículos pesados que compõem a frota oficial do Município de Guarapari/ES, incluindo fornecimento de mão de obra, materiais de consumo, máquinas;7;SEMAD - Patrol retro pamec - Lavagem Geral;ANTÔNIO FRANCISCO MARQUES;08416840000141;511,35;51135,0;27165190000153-1-000002/2026
2026-07-15;MUNICIPIO DE GUARAPARI;Guarapari;Pregão - Eletrônico;mão de obra;Prestação de Serviços de limpeza e lavagem completa dos veículos pesados que compõem a frota oficial do Município de Guarapari/ES, incluindo fornecimento de mão de obra, materiais de consumo, máquinas;8;SEMAD - Lavagem com aspiração interna e externa + aspiração + higienização;ANTÔNIO FRANCISCO MARQUES;08416840000141;385,3;30824,0;27165190000153-1-000002/2026
2026-07-15;FUNDO MUNICIPAL DE SAUDE DE GUARAPARI;Guarapari;Pregão - Eletrônico;mão de obra;Prestação de Serviços de limpeza e lavagem completa dos veículos pesados que compõem a frota oficial do Município de Guarapari/ES, incluindo fornecimento de mão de obra, materiais de consumo, máquinas;1;Ambulância - Lavagem com aspiração interna e externa + aspiração + higienização;ANTÔNIO FRANCISCO MARQUES;08416840000141;295,42;23633,6;11770182000104-1-000001/2026
2026-07-15;FUNDO MUNICIPAL DE SAUDE DE GUARAPARI;Guarapari;Pregão - Eletrônico;mão de obra;Prestação de Serviços de limpeza e lavagem completa dos veículos pesados que compõem a frota oficial do Município de Guarapari/ES, incluindo fornecimento de mão de obra, materiais de consumo, máquinas;2;SEMSA - Ambulância - Lavagem Geral, motor chassi + Lubrificação;ANTÔNIO FRANCISCO MARQUES;08416840000141;307,8;24624,0;11770182000104-1-000001/2026
2026-07-15;FUNDO MUNICIPAL DE ASSISTENCIA SOCIAL;Guarapari;Pregão - Eletrônico;mão de obra;Prestação de Serviços de limpeza e lavagem completa dos veículos pesados que compõem a frota oficial do Município de Guarapari/ES, incluindo fornecimento de mão de obra, materiais de consumo, máquinas;1;SEMTAC - Renault Master – Lavagem Geral, motor chassi + Lubrificação;ANTÔNIO FRANCISCO MARQUES;08416840000141;268,57;8057,1;14804981000134-1-000005/2026
2026-07-15;TRIBUNAL SUPERIOR ELEITORAL;Vitória;Pregão - Eletrônico;postos de trabalho;Contratação de empresa especializada na prestação de serviços continuados de apoio administrativo mediante alocação de postos de trabalho de Assistente Administrativo para a sede do Tribunal Regional ;1;Prestação de Serviços de Apoio Administrativo;FALLCON SERVICE LTDA;33756005000106;4826,74;43440,66;00509018000113-1-003714/2025
2026-07-15;INSTITUTO FEDERAL DE EDUCACAO CIENCIA E TECNOLOGIA DO ESPIRITO SANTO;Santa Maria de Jetibá;Pregão - Eletrônico;motorista;Contratação de serviços TRANSPORTE ESCOLAR DIÁRIO, de forma continuada, com motoristas e veículos automotores, tipo ônibus, micro-ônibus e van, a serem executados com percursos e itinerários estabelec;1;Locação de Veículos - Leves / Pesados / Com Motorista;BRANDAO TURISMO LTDA;16749877000110;12,0;1440000,0;10838653000106-1-000910/2025
2026-07-15;INSTITUTO FEDERAL DE EDUCACAO CIENCIA E TECNOLOGIA DO ESPIRITO SANTO;Santa Maria de Jetibá;Pregão - Eletrônico;motorista;Contratação de serviços TRANSPORTE ESCOLAR DIÁRIO, de forma continuada, com motoristas e veículos automotores, tipo ônibus, micro-ônibus e van, a serem executados com percursos e itinerários estabelec;2;Locação de Veículos - Leves / Pesados / Com Motorista;BRANDAO TURISMO LTDA;16749877000110;13,7;548000,0;10838653000106-1-000910/2025
2026-07-15;CAMARA MUNICIPAL DE ECOPORANGA;Ecoporanga;Pregão - Eletrônico;dedicação exclusiva;"Contratação de Empresa Especializada para Prestação de Serviços com dedicação exclusiva de mão de
obra para Postos de Portaria Patrimonial Convencional, com respectivos equipamentos e materiais, para";1;Portaria Diurno – com 02 (dois) Porteiros, em regime especial de 12 x 36, com Pagamento de Intervalo Intrajornada ;GUARDIÕES ADMINISTRADORA DE SERVIÇOS LTDA-ME;19797183000146;187606,4;187606,4;27471911000153-1-000020/2025
2026-07-15;CAMARA MUNICIPAL DE ECOPORANGA;Ecoporanga;Pregão - Eletrônico;dedicação exclusiva;"Contratação de Empresa Especializada para Prestação de Serviços com dedicação exclusiva de mão de
obra para Postos de Portaria Patrimonial Convencional, com respectivos equipamentos e materiais, para";2;Portaria Noturno – com 02 (dois) Porteiros, em regime especial de 12 x 36, com Pagamento de Intervalo Intrajornada;GUARDIÕES ADMINISTRADORA DE SERVIÇOS LTDA-ME;19797183000146;215262,26;215262,26;27471911000153-1-000020/2025
2026-07-15;EMPRESA BRASILEIRA DE SERVICOS HOSPITALARES - EBSERH;Vitória;Pregão - Eletrônico;mão de obra;Contratação de empresa especializada para prestação de serviços contínuos de apoio técnico nas áreas relacionadas à infraestrutura predial, com fornecimento de mão de obra qualificada e dedicada de fo;1;Prestação de Serviços de Apoio Administrativo;CONSERMA - SERVICOS, MANUTENCAO E TRANSPORTES LTDA;39272265000184;72890,0;1749360,0;15126437000305-1-004284/2025
2026-07-15;MUNICIPIO DE LINHARES;Linhares;Pregão - Eletrônico;limpeza;[Portal de Compras Públicas] - Contratação de empresa especializada na prestação de serviços contínuos de limpeza e conservação predial, bem como, serviços de desinfecção de reservatórios de água potá;1;Lote 1 - AUXILIAR DE SERVICOS GERAIS 20% DE INSALUBRIDADE FIXO Auxiliar de Servicos Gerais, Com Insalubridade 20%, convencional 44 h – 215 UNIDADES DE SERVIDORES MENSAL FIXOSem fornecimento de materia;CACTOS ADMINISTRACAO E SERVICOS LTDA;20795839000170;916854,6;22004510,4;27167410000188-1-000536/2025
2026-07-15;MUNICIPIO DE LINHARES;Linhares;Pregão - Eletrônico;limpeza;[Portal de Compras Públicas] - Contratação de empresa especializada na prestação de serviços contínuos de limpeza e conservação predial, bem como, serviços de desinfecção de reservatórios de água potá;2;Lote 1 - AUXILIAR DE SERVICOS GERAIS 40% DE INSALUBRIDADE FIXO. Auxiliar de Servicos Gerais, Com Insalubridade 40%, convencional 44 h – 143 UNIDADES DE SERVIDORES MENSAL FIXOSem fornecimento de materi;CACTOS ADMINISTRACAO E SERVICOS LTDA;20795839000170;691918,37;16606040,88;27167410000188-1-000536/2025
2026-07-15;MUNICIPIO DE LINHARES;Linhares;Pregão - Eletrônico;limpeza;[Portal de Compras Públicas] - Contratação de empresa especializada na prestação de serviços contínuos de limpeza e conservação predial, bem como, serviços de desinfecção de reservatórios de água potá;3;Lote 1 - ENCARREGADO CONVENCIONAL FIXO Encarregado Convencional 44 h Semanais Diurnas.  – 4 UNIDADES DE SERVIDORES MENSAL FIXO;CACTOS ADMINISTRACAO E SERVICOS LTDA;20795839000170;20779,2;498700,8;27167410000188-1-000536/2025
2026-07-15;MUNICIPIO DE LINHARES;Linhares;Pregão - Eletrônico;limpeza;[Portal de Compras Públicas] - Contratação de empresa especializada na prestação de serviços contínuos de limpeza e conservação predial, bem como, serviços de desinfecção de reservatórios de água potá;4;Lote 1 - AUXILIAR DE SERVICOS GERAIS 40% DE INSALUBRIDADE EQUIPE VOLANTE Auxiliar de Servicos Gerais, Com Insalubridade 40%, convencional 44 h – 4 UNIDADES DE SERVIDORES MENSAL Sem fornecimento de mat;CACTOS ADMINISTRACAO E SERVICOS LTDA;20795839000170;19354,36;464504,64;27167410000188-1-000536/2025
2026-07-15;MUNICIPIO DE LINHARES;Linhares;Pregão - Eletrônico;limpeza;[Portal de Compras Públicas] - Contratação de empresa especializada na prestação de serviços contínuos de limpeza e conservação predial, bem como, serviços de desinfecção de reservatórios de água potá;5;Lote 1 - ARTIFICE CONVENCIONAL  EQUIPE VOLANTE Artifice Convencional – 44 horas, Equipe Volante – 4 UNIDADES DE SERVIDORES MENSALSem fornecimento de materiais de limpeza;CACTOS ADMINISTRACAO E SERVICOS LTDA;20795839000170;18167,36;436016,64;27167410000188-1-000536/2025
2026-07-15;MUNICIPIO DE LINHARES;Linhares;Pregão - Eletrônico;limpeza;[Portal de Compras Públicas] - Contratação de empresa especializada na prestação de serviços contínuos de limpeza e conservação predial, bem como, serviços de desinfecção de reservatórios de água potá;6;Lote 1 - ENCARREGADO CONVENCIONAL EQUIPE VOLANTE Encarregado Convencional 44 h Semanais Diurnas.  – 2 UNIDADES DE SERVIDORES MENSAL;CACTOS ADMINISTRACAO E SERVICOS LTDA;20795839000170;10389,6;249350,4;27167410000188-1-000536/2025
2026-07-15;MUNICIPIO DE LINHARES;Linhares;Pregão - Eletrônico;limpeza;[Portal de Compras Públicas] - Contratação de empresa especializada na prestação de serviços contínuos de limpeza e conservação predial, bem como, serviços de desinfecção de reservatórios de água potá;7;Lote 1 - AUXILIAR DE SERVICOS GERAIS 40% DE INSALUBRIDADE LIMPEZA DE CAIXA DAGUA Auxiliar de Servicos Gerais, Com Insalubridade 40%, convencional 44 h – 1 UNIDADES DE SERVIDORES MENSAL Sem forneciment;CACTOS ADMINISTRACAO E SERVICOS LTDA;20795839000170;4838,59;116126,16;27167410000188-1-000536/2025
2026-07-15;MUNICIPIO DE LINHARES;Linhares;Pregão - Eletrônico;limpeza;[Portal de Compras Públicas] - Contratação de empresa especializada na prestação de serviços contínuos de limpeza e conservação predial, bem como, serviços de desinfecção de reservatórios de água potá;8;Lote 1 - ENCARREGADO CONVENCIONAL LIMPEZA DE CAIXA DAGUA Encarregado Convencional 44 h Semanais Diurnas.  – 1 UNIDADES DE SERVIDORES MENSAL;CACTOS ADMINISTRACAO E SERVICOS LTDA;20795839000170;5194,8;124675,2;27167410000188-1-000536/2025
2026-07-15;SECRETARIA ESTADUAL DAS MULHERES;Vitória;Pregão - Eletrônico;limpeza;SERVIÇOS CONTINUADOS DE LIMPEZA, HIGIENIZAÇÃO, COPEIRAGEM, RECEPÇÃO E JARDINAGEM COM A DISPONIBILIZAÇÃO DE MÃO-DE-OBRA, FORNECIMENTO DE MATERIAIS, EQUIPAMENTOS, FERRAMENTAS E UTENSÍLIOS, necessários à;1;Prestação de Serviço de Limpeza e Conservação - Outras      Necessidades;JABEZ PRESTADORA DE SERVICOS LTDA;46757933000129;328565,9;657131,8;50235855000170-1-000053/2025
2026-07-15;SECRETARIA ESTADUAL DAS MULHERES;Vitória;Pregão - Eletrônico;limpeza;SERVIÇOS CONTINUADOS DE LIMPEZA, HIGIENIZAÇÃO, COPEIRAGEM, RECEPÇÃO E JARDINAGEM COM A DISPONIBILIZAÇÃO DE MÃO-DE-OBRA, FORNECIMENTO DE MATERIAIS, EQUIPAMENTOS, FERRAMENTAS E UTENSÍLIOS, necessários à;2;Prestação de Serviço de Limpeza e Conservação - Outras      Necessidades;JABEZ PRESTADORA DE SERVICOS LTDA;46757933000129;296423,7;296423,7;50235855000170-1-000053/2025
2026-07-15;SECRETARIA ESTADUAL DAS MULHERES;Vitória;Pregão - Eletrônico;limpeza;SERVIÇOS CONTINUADOS DE LIMPEZA, HIGIENIZAÇÃO, COPEIRAGEM, RECEPÇÃO E JARDINAGEM COM A DISPONIBILIZAÇÃO DE MÃO-DE-OBRA, FORNECIMENTO DE MATERIAIS, EQUIPAMENTOS, FERRAMENTAS E UTENSÍLIOS, necessários à;3;Prestação de Serviço de Limpeza e Conservação - Outras      Necessidades;JABEZ PRESTADORA DE SERVICOS LTDA;46757933000129;515530,2;515530,2;50235855000170-1-000053/2025
2026-07-15;SECRETARIA ESTADUAL DAS MULHERES;Vitória;Pregão - Eletrônico;limpeza;SERVIÇOS CONTINUADOS DE LIMPEZA, HIGIENIZAÇÃO, COPEIRAGEM, RECEPÇÃO E JARDINAGEM COM A DISPONIBILIZAÇÃO DE MÃO-DE-OBRA, FORNECIMENTO DE MATERIAIS, EQUIPAMENTOS, FERRAMENTAS E UTENSÍLIOS, necessários à;4;Prestação de Serviço de Limpeza e Conservação - Outras      Necessidades;JABEZ PRESTADORA DE SERVICOS LTDA;46757933000129;264753,9;529507,8;50235855000170-1-000053/2025
2026-07-15;SECRETARIA ESTADUAL DAS MULHERES;Vitória;Pregão - Eletrônico;limpeza;SERVIÇOS CONTINUADOS DE LIMPEZA, HIGIENIZAÇÃO, COPEIRAGEM, RECEPÇÃO E JARDINAGEM COM A DISPONIBILIZAÇÃO DE MÃO-DE-OBRA, FORNECIMENTO DE MATERIAIS, EQUIPAMENTOS, FERRAMENTAS E UTENSÍLIOS, necessários à;5;Prestação de Serviços de Portaria / Recepção;JABEZ PRESTADORA DE SERVICOS LTDA;46757933000129;271365,5;814096,5;50235855000170-1-000053/2025
2026-07-15;SECRETARIA ESTADUAL DAS MULHERES;Vitória;Pregão - Eletrônico;limpeza;SERVIÇOS CONTINUADOS DE LIMPEZA, HIGIENIZAÇÃO, COPEIRAGEM, RECEPÇÃO E JARDINAGEM COM A DISPONIBILIZAÇÃO DE MÃO-DE-OBRA, FORNECIMENTO DE MATERIAIS, EQUIPAMENTOS, FERRAMENTAS E UTENSÍLIOS, necessários à;6;Prestação de Serviço de Limpeza e Conservação - Outras      Necessidades;JABEZ PRESTADORA DE SERVICOS LTDA;46757933000129;297612,6;297612,6;50235855000170-1-000053/2025
2026-07-15;SECRETARIA ESTADUAL DAS MULHERES;Vitória;Pregão - Eletrônico;limpeza;SERVIÇOS CONTINUADOS DE LIMPEZA, HIGIENIZAÇÃO, COPEIRAGEM, RECEPÇÃO E JARDINAGEM COM A DISPONIBILIZAÇÃO DE MÃO-DE-OBRA, FORNECIMENTO DE MATERIAIS, EQUIPAMENTOS, FERRAMENTAS E UTENSÍLIOS, necessários à;7;Prestação de Serviço de Jardinagem - Gramados - 44H SemanaisDiurnas - Outra Produtividade;JABEZ PRESTADORA DE SERVICOS LTDA;46757933000129;277542,3;277542,3;50235855000170-1-000053/2025
2026-07-15;MUNICIPIO DE FUNDAO;Fundão;Pregão - Eletrônico;vigilância;Registro de preços para futura e eventual contratação de empresa especializada na prestação de serviços de equipe de apoio, segurança, organização, vigilância e brigadista profissional, para atendimen;1;SERVICO DE LOCACAO DE SEGURANÇA DE EVENTOS;RIOFORTE VIGILANCIA E SEGURANCA PRIVADA LTDA;17324127000240;263,0;170950,0;27165182000107-1-000179/2025
2026-07-15;MUNICIPIO DE FUNDAO;Fundão;Pregão - Eletrônico;vigilância;Registro de preços para futura e eventual contratação de empresa especializada na prestação de serviços de equipe de apoio, segurança, organização, vigilância e brigadista profissional, para atendimen;2;PROFISSIONAL PARA APOIO E ORGANI-ZAÇÃO DE EVENTOS, PESSOAS E MA-TERIAIS;CAYQUE SOARES FERREIRA;57334852000132;185,0;46250,0;27165182000107-1-000179/2025
2026-07-15;MUNICIPIO DE FUNDAO;Fundão;Pregão - Eletrônico;vigilância;Registro de preços para futura e eventual contratação de empresa especializada na prestação de serviços de equipe de apoio, segurança, organização, vigilância e brigadista profissional, para atendimen;3;PROFISSIONAL PARA APOIO,  BRIGADISTA PROFISSIONAL/ APOIO E ORGANIZAÇÃO DE PESSOAS E MATERI;CAYQUE SOARES FERREIRA;57334852000132;257,0;38550,0;27165182000107-1-000179/2025
2026-06-15;PODER JUDICIARIO DO ESTADO DO ESPIRITO SANTO;Vitória;Pregão - Eletrônico;mão de obra;Contratação de empresa especializada para a prestação de serviços contínuos de limpeza, conservação, asseio e jardinagem, para todas as instalações do Poder Judiciário do Estado do Espírito Santo – PJ;1;Serviço Especializado de Limpeza;TECNICA TECNOLOGIA E SERVICOS LTDA;04741904000129;1462378,0;1462378,0;27476100000145-1-000060/2026
2026-05-07;MUNICIPIO DE VITORIA;Vitória;Pregão - Eletrônico;outros;PRESTAÇÃO DE SERVIÇOS DE ASSISTENTE DE SECRETARIA ESCOLAR;1;SERVIÇO, Tipo: Contratação de Empresa, Aplicação: prestação de serviços contínuos de apoio à secretaria escolar, Complemento: Tipo [Mão de Obra]: Assistente de Secretaria Escolar (44h).;A1 SERVICOS;19703791000144;5220,62;18794232,0;27142058000126-1-000090/2026
2026-05-07;MUNICIPIO DE VITORIA;Vitória;Pregão - Eletrônico;outros;PRESTAÇÃO DE SERVIÇOS DE ASSISTENTE DE SECRETARIA ESCOLAR;2;SERVIÇO, Tipo: Contratação de Empresa, Aplicação: prestação de serviços contínuos de supervisão para acompanhar, orientar e inspecionar o trabalho realizado pelos Assistentes de Secretaria Escolar, Co;A1 SERVICOS;19703791000144;5807,88;278778,24;27142058000126-1-000090/2026
2026-03-09;MUNICIPIO DE VILA VELHA;Vila Velha;Pregão - Eletrônico;mão de obra;Registro de Preços visando CONTRATAÇÃO DE SERVIÇOS DE LIMPEZA, CONSERVAÇÃO PREDIAL E HIGIENIZAÇÃO CONVENCIONAL E HOSPITALAR, sem fornecimento de produtos de limpeza, a serem executados com regime de d;1;Prestação de Serviço de Limpeza e Conservação - Outras      Necessidades;GESTAO DE TERCEIRIZACAO EM SERVICOS SELECAO E AGENCIAMENTO DE MAO-DE-OBRA LTDA;11457039000159;4302,56;22046317,44;27165554000103-1-000004/2026
2026-03-09;MUNICIPIO DE VILA VELHA;Vila Velha;Pregão - Eletrônico;mão de obra;Registro de Preços visando CONTRATAÇÃO DE SERVIÇOS DE LIMPEZA, CONSERVAÇÃO PREDIAL E HIGIENIZAÇÃO CONVENCIONAL E HOSPITALAR, sem fornecimento de produtos de limpeza, a serem executados com regime de d;2;Prestação de Serviço de Limpeza e Conservação - Outras      Necessidades;GESTAO DE TERCEIRIZACAO EM SERVICOS SELECAO E AGENCIAMENTO DE MAO-DE-OBRA LTDA;11457039000159;4885,32;14597336,16;27165554000103-1-000004/2026
2026-03-09;MUNICIPIO DE VILA VELHA;Vila Velha;Pregão - Eletrônico;mão de obra;Registro de Preços visando CONTRATAÇÃO DE SERVIÇOS DE LIMPEZA, CONSERVAÇÃO PREDIAL E HIGIENIZAÇÃO CONVENCIONAL E HOSPITALAR, sem fornecimento de produtos de limpeza, a serem executados com regime de d;3;Prestação de Serviço de Limpeza e Conservação - Outras      Necessidades;GESTAO DE TERCEIRIZACAO EM SERVICOS SELECAO E AGENCIAMENTO DE MAO-DE-OBRA LTDA;11457039000159;9829,88;4836300,96;27165554000103-1-000004/2026
2026-03-09;MUNICIPIO DE VILA VELHA;Vila Velha;Pregão - Eletrônico;mão de obra;Registro de Preços visando CONTRATAÇÃO DE SERVIÇOS DE LIMPEZA, CONSERVAÇÃO PREDIAL E HIGIENIZAÇÃO CONVENCIONAL E HOSPITALAR, sem fornecimento de produtos de limpeza, a serem executados com regime de d;4;Prestação de Serviço de Limpeza e Conservação - Outras      Necessidades;GESTAO DE TERCEIRIZACAO EM SERVICOS SELECAO E AGENCIAMENTO DE MAO-DE-OBRA LTDA;11457039000159;10901,96;2878117,44;27165554000103-1-000004/2026
2026-03-09;MUNICIPIO DE VILA VELHA;Vila Velha;Pregão - Eletrônico;mão de obra;Registro de Preços visando CONTRATAÇÃO DE SERVIÇOS DE LIMPEZA, CONSERVAÇÃO PREDIAL E HIGIENIZAÇÃO CONVENCIONAL E HOSPITALAR, sem fornecimento de produtos de limpeza, a serem executados com regime de d;5;Prestação de Serviço de Limpeza e Conservação - Outras      Necessidades;GESTAO DE TERCEIRIZACAO EM SERVICOS SELECAO E AGENCIAMENTO DE MAO-DE-OBRA LTDA;11457039000159;5183,52;1057438,08;27165554000103-1-000004/2026
2026-03-09;MUNICIPIO DE VILA VELHA;Vila Velha;Pregão - Eletrônico;mão de obra;Registro de Preços visando CONTRATAÇÃO DE SERVIÇOS DE LIMPEZA, CONSERVAÇÃO PREDIAL E HIGIENIZAÇÃO CONVENCIONAL E HOSPITALAR, sem fornecimento de produtos de limpeza, a serem executados com regime de d;6;Prestação de Serviço de Limpeza e Conservação - Outras      Necessidades;GESTAO DE TERCEIRIZACAO EM SERVICOS SELECAO E AGENCIAMENTO DE MAO-DE-OBRA LTDA;11457039000159;9829,88;943668,48;27165554000103-1-000004/2026
2026-03-09;MUNICIPIO DE VILA VELHA;Vila Velha;Pregão - Eletrônico;mão de obra;Registro de Preços visando CONTRATAÇÃO DE SERVIÇOS DE LIMPEZA, CONSERVAÇÃO PREDIAL E HIGIENIZAÇÃO CONVENCIONAL E HOSPITALAR, sem fornecimento de produtos de limpeza, a serem executados com regime de d;7;Prestação de Serviço de Limpeza e Conservação - Outras      Necessidades;GESTAO DE TERCEIRIZACAO EM SERVICOS SELECAO E AGENCIAMENTO DE MAO-DE-OBRA LTDA;11457039000159;10901,96;523294,08;27165554000103-1-000004/2026
2026-03-09;MUNICIPIO DE VILA VELHA;Vila Velha;Pregão - Eletrônico;mão de obra;Registro de Preços visando CONTRATAÇÃO DE SERVIÇOS DE LIMPEZA, CONSERVAÇÃO PREDIAL E HIGIENIZAÇÃO CONVENCIONAL E HOSPITALAR, sem fornecimento de produtos de limpeza, a serem executados com regime de d;8;Prestação de Serviço de Limpeza e Conservação - Outras      Necessidades;GESTAO DE TERCEIRIZACAO EM SERVICOS SELECAO E AGENCIAMENTO DE MAO-DE-OBRA LTDA;11457039000159;4885,32;3224311,2;27165554000103-1-000004/2026
2026-03-09;MUNICIPIO DE VILA VELHA;Vila Velha;Pregão - Eletrônico;mão de obra;Registro de Preços visando CONTRATAÇÃO DE SERVIÇOS DE LIMPEZA, CONSERVAÇÃO PREDIAL E HIGIENIZAÇÃO CONVENCIONAL E HOSPITALAR, sem fornecimento de produtos de limpeza, a serem executados com regime de d;9;Prestação de Serviço de Limpeza e Conservação - Outras      Necessidades;GESTAO DE TERCEIRIZACAO EM SERVICOS SELECAO E AGENCIAMENTO DE MAO-DE-OBRA LTDA;11457039000159;4302,56;3562519,68;27165554000103-1-000004/2026
2026-03-09;MUNICIPIO DE VILA VELHA;Vila Velha;Pregão - Eletrônico;mão de obra;Registro de Preços visando CONTRATAÇÃO DE SERVIÇOS DE LIMPEZA, CONSERVAÇÃO PREDIAL E HIGIENIZAÇÃO CONVENCIONAL E HOSPITALAR, sem fornecimento de produtos de limpeza, a serem executados com regime de d;10;Prestação de Serviço de Limpeza e Conservação - Outras      Necessidades;GESTAO DE TERCEIRIZACAO EM SERVICOS SELECAO E AGENCIAMENTO DE MAO-DE-OBRA LTDA;11457039000159;5183,52;248808,96;27165554000103-1-000004/2026
2026-05-18;FUNDO MUNICIPAL DE SAUDE DE PRESIDENTE KENNEDY-ES;Presidente Kennedy;Dispensa;mão de obra;CONTRATAÇÃO EMERGENCIAL DE EMPRESA ESPECIALIZADA NA PRESTAÇÃO DE SERVIÇOS DE MÃO DE OBRA DE MOTORISTA SOCORRISTA, PLANTONISTA DIURNO E NOTURNO, PARA ASSEGURAR A CONTINUIDADE DO ATENDIMENTO AO TRANSPOR;1;PRESTAÇÃO DE SERVIÇOS DE MOTORISTA CONTRATAÇÃO EMERGENCIAL DE EMPRESA ESPECIALIZADA NA PRESTAÇÃO DE SERVIÇOS DE MÃO DE OBRA DE MOTORISTA SOCORRISTA, PLANTONISTA DIURNO E NOTURNO, PARA ASSEGURAR A CONT;TOP GESTAO LTDA;08913064000195;1422507,96;1422507,96;10427499000171-1-000011/2026
2026-05-15;MUNICIPIO DE VITORIA;Vitória;Pregão - Eletrônico;mão de obra;PRESTAÇÃO DE SERVIÇOS DE CONSERVAÇÃO, HIGIENIZAÇÃO PREDIAL, LIMPEZA, JARDINAGEM, COPEIRAGEM E PEQUENOS REPAROS, COM FORNECIMENTO DE MÃO DE OBRA, EQUIPAMENTOS, FERRAMENTAS E MATERIAIS.;1;SERVIÇOS, Tipo Conservação, Higienização predial, limpeza, Jardinagem e Pequenos Reparos para Conservação do Ambiente, com fornecimento de materiais, utensílios e equipamentos, Tipo/função [Mão de Obr;TECNICA TECNOLOGIA E SERVICOS LTDA;04741904000129;5970,75;859788,0;27142058000126-1-000169/2026
2026-05-15;MUNICIPIO DE VITORIA;Vitória;Pregão - Eletrônico;mão de obra;PRESTAÇÃO DE SERVIÇOS DE CONSERVAÇÃO, HIGIENIZAÇÃO PREDIAL, LIMPEZA, JARDINAGEM, COPEIRAGEM E PEQUENOS REPAROS, COM FORNECIMENTO DE MÃO DE OBRA, EQUIPAMENTOS, FERRAMENTAS E MATERIAIS.;2;SERVIÇOS, Tipo: Conservação, Higienização predial, limpeza, Jardinagem e Pequenos Reparos para Conservação do Ambiente, com fornecimento de materiais, utensílios e equipamentos, Tipo [Mão de Obra]: Au;TECNICA TECNOLOGIA E SERVICOS LTDA;04741904000129;6196,46;669217,68;27142058000126-1-000169/2026
2026-05-15;MUNICIPIO DE VITORIA;Vitória;Pregão - Eletrônico;mão de obra;PRESTAÇÃO DE SERVIÇOS DE CONSERVAÇÃO, HIGIENIZAÇÃO PREDIAL, LIMPEZA, JARDINAGEM, COPEIRAGEM E PEQUENOS REPAROS, COM FORNECIMENTO DE MÃO DE OBRA, EQUIPAMENTOS, FERRAMENTAS E MATERIAIS.;3;SERVIÇOS, Tipo: Conservação, Higienização predial, limpeza, Jardinagem e Pequenos Reparos para Conservação do Ambiente, com fornecimento de materiais, utensílios e equipamentos, Tipo/função [Mão de Ob;TECNICA TECNOLOGIA E SERVICOS LTDA;04741904000129;5586,08;4156043,52;27142058000126-1-000169/2026
2026-05-15;MUNICIPIO DE VITORIA;Vitória;Pregão - Eletrônico;mão de obra;PRESTAÇÃO DE SERVIÇOS DE CONSERVAÇÃO, HIGIENIZAÇÃO PREDIAL, LIMPEZA, JARDINAGEM, COPEIRAGEM E PEQUENOS REPAROS, COM FORNECIMENTO DE MÃO DE OBRA, EQUIPAMENTOS, FERRAMENTAS E MATERIAIS.;4;SERVIÇOS, Tipo: Conservação, Higienização predial, limpeza, Jardinagem e Pequenos Reparos para Conservação do Ambiente, com fornecimento de materiais, utensílios e equipamentos, Tipo/função [Mão de Ob;TECNICA TECNOLOGIA E SERVICOS LTDA;04741904000129;6196,47;2528159,76;27142058000126-1-000169/2026
2026-05-15;MUNICIPIO DE VITORIA;Vitória;Pregão - Eletrônico;mão de obra;PRESTAÇÃO DE SERVIÇOS DE CONSERVAÇÃO, HIGIENIZAÇÃO PREDIAL, LIMPEZA, JARDINAGEM, COPEIRAGEM E PEQUENOS REPAROS, COM FORNECIMENTO DE MÃO DE OBRA, EQUIPAMENTOS, FERRAMENTAS E MATERIAIS.;5;SERVIÇOS, Tipo: Conservação, Higienização predial, limpeza, Jardinagem e Pequenos Reparos para Conservação do Ambiente, com fornecimento de materiais, utensílios e equipamentos Tipo/função [Mão de Obr;TECNICA TECNOLOGIA E SERVICOS LTDA;04741904000129;5442,39;1698025,68;27142058000126-1-000169/2026
2026-05-15;MUNICIPIO DE VITORIA;Vitória;Pregão - Eletrônico;mão de obra;PRESTAÇÃO DE SERVIÇOS DE CONSERVAÇÃO, HIGIENIZAÇÃO PREDIAL, LIMPEZA, JARDINAGEM, COPEIRAGEM E PEQUENOS REPAROS, COM FORNECIMENTO DE MÃO DE OBRA, EQUIPAMENTOS, FERRAMENTAS E MATERIAIS.;6;SERVIÇOS, Tipo: Conservação, Higienização predial, limpeza, Jardinagem e Pequenos Reparos para Conservação do Ambiente, com fornecimento de materiais, utensílios e equipamentos Tipo [Mão de Obra]: Aux;TECNICA TECNOLOGIA E SERVICOS LTDA;04741904000129;6052,77;1016865,36;27142058000126-1-000169/2026
2026-05-15;MUNICIPIO DE VITORIA;Vitória;Pregão - Eletrônico;mão de obra;PRESTAÇÃO DE SERVIÇOS DE CONSERVAÇÃO, HIGIENIZAÇÃO PREDIAL, LIMPEZA, JARDINAGEM, COPEIRAGEM E PEQUENOS REPAROS, COM FORNECIMENTO DE MÃO DE OBRA, EQUIPAMENTOS, FERRAMENTAS E MATERIAIS.;7;SERVIÇOS, Tipo: Conservação, Higienização predial, limpeza, Jardinagem e Pequenos Reparos para Conservação do Ambiente, com fornecimento de materiais, utensílios e equipamentos, Tipo [Mão de Obra]: Au;TECNICA TECNOLOGIA E SERVICOS LTDA;04741904000129;6509,41;312451,68;27142058000126-1-000169/2026
2026-05-15;MUNICIPIO DE VITORIA;Vitória;Pregão - Eletrônico;mão de obra;PRESTAÇÃO DE SERVIÇOS DE CONSERVAÇÃO, HIGIENIZAÇÃO PREDIAL, LIMPEZA, JARDINAGEM, COPEIRAGEM E PEQUENOS REPAROS, COM FORNECIMENTO DE MÃO DE OBRA, EQUIPAMENTOS, FERRAMENTAS E MATERIAIS.;8;SERVIÇOS, Tipo: Conservação, Higienização predial, limpeza, Jardinagem e Pequenos Reparos para Conservação do Ambiente, com fornecimento de materiais, utensílios e equipamentos, Tipo [Mão de Obra]: Au;TECNICA TECNOLOGIA E SERVICOS LTDA;04741904000129;4973,5;59682,0;27142058000126-1-000169/2026
2026-05-15;MUNICIPIO DE VITORIA;Vitória;Pregão - Eletrônico;mão de obra;PRESTAÇÃO DE SERVIÇOS DE CONSERVAÇÃO, HIGIENIZAÇÃO PREDIAL, LIMPEZA, JARDINAGEM, COPEIRAGEM E PEQUENOS REPAROS, COM FORNECIMENTO DE MÃO DE OBRA, EQUIPAMENTOS, FERRAMENTAS E MATERIAIS.;9;SERVIÇOS, Tipo: Conservação, Higienização predial, limpeza, Jardinagem e Pequenos Reparos para Conservação do Ambiente, com fornecimento de materiais, utensílios e equipamentos, Tipo/função [Mão de Ob;TECNICA TECNOLOGIA E SERVICOS LTDA;04741904000129;6831,02;163944,48;27142058000126-1-000169/2026
2026-05-15;MUNICIPIO DE VITORIA;Vitória;Pregão - Eletrônico;mão de obra;PRESTAÇÃO DE SERVIÇOS DE CONSERVAÇÃO, HIGIENIZAÇÃO PREDIAL, LIMPEZA, JARDINAGEM, COPEIRAGEM E PEQUENOS REPAROS, COM FORNECIMENTO DE MÃO DE OBRA, EQUIPAMENTOS, FERRAMENTAS E MATERIAIS.;10;SERVIÇOS, Tipo: Conservação, Higienização predial, limpeza, Jardinagem e Pequenos Reparos para Conservação do Ambiente, com fornecimento de materiais, utensílios e equipamentos, Tipo/função [Mão de Ob;TECNICA TECNOLOGIA E SERVICOS LTDA;04741904000129;5593,76;201375,36;27142058000126-1-000169/2026
2026-05-15;MUNICIPIO DE VITORIA;Vitória;Pregão - Eletrônico;mão de obra;PRESTAÇÃO DE SERVIÇOS DE CONSERVAÇÃO, HIGIENIZAÇÃO PREDIAL, LIMPEZA, JARDINAGEM, COPEIRAGEM E PEQUENOS REPAROS, COM FORNECIMENTO DE MÃO DE OBRA, EQUIPAMENTOS, FERRAMENTAS E MATERIAIS.;11;SERVIÇOS, Tipo: Conservação, Higienização predial, limpeza, Jardinagem e Pequenos Reparos para Conservação do Ambiente, com fornecimento de materiais, utensílios e equipamentos, Tipo/função [Mão de Ob;TECNICA TECNOLOGIA E SERVICOS LTDA;04741904000129;5892,74;424277,28;27142058000126-1-000169/2026
2026-05-15;MUNICIPIO DE VITORIA;Vitória;Pregão - Eletrônico;mão de obra;PRESTAÇÃO DE SERVIÇOS DE CONSERVAÇÃO, HIGIENIZAÇÃO PREDIAL, LIMPEZA, JARDINAGEM, COPEIRAGEM E PEQUENOS REPAROS, COM FORNECIMENTO DE MÃO DE OBRA, EQUIPAMENTOS, FERRAMENTAS E MATERIAIS.;12;SERVIÇOS, Tipo: Conservação, Higienização predial, limpeza, Jardinagem e Pequenos Reparos para Conservação do Ambiente, com fornecimento de materiais, utensílios e equipamentos, Tipo/função [Mão de Ob;TECNICA TECNOLOGIA E SERVICOS LTDA;04741904000129;33,67;36363,6;27142058000126-1-000169/2026
2026-05-15;MUNICIPIO DE VITORIA;Vitória;Pregão - Eletrônico;mão de obra;PRESTAÇÃO DE SERVIÇOS DE CONSERVAÇÃO, HIGIENIZAÇÃO PREDIAL, LIMPEZA, JARDINAGEM, COPEIRAGEM E PEQUENOS REPAROS, COM FORNECIMENTO DE MÃO DE OBRA, EQUIPAMENTOS, FERRAMENTAS E MATERIAIS.;13;SERVIÇOS, Tipo: Conservação, Higienização predial, limpeza, Jardinagem e Pequenos Reparos para Conservação do Ambiente, com fornecimento de materiais, utensílios e equipamentos, Tipo/função [Mão de Ob;TECNICA TECNOLOGIA E SERVICOS LTDA;04741904000129;30,96;33436,8;27142058000126-1-000169/2026
2026-07-13;MUNICIPIO DE VILA VELHA;Vila Velha;Pregão - Eletrônico;mão de obra;Registro de Preços visando futura contratação de serviços de AUXILIAR DE ALMOXARIFE 44 HORAS, a serem executados com regime de dedicação exclusiva de mão de obra, de natureza continua.  ;1;Almoxarife / Controle de Estoque;VICTORINO FIGUEIREDO CONSTRUCOES E SERVICOS LTDA;27750463000127;52900,0;1005100,0;27165554000103-1-000257/2026
2026-06-26;FUNDACAO DE AMPARO A PESQUISA E INOVACAO DO ESPIRITO SANTO - FAPES;Vitória;Pregão - Eletrônico;limpeza;Contratação de empresa especializada em prestação de serviços de artífice, copeiragem e limpeza e conservação, para atender as necessidades da FAPES, situada na Avenida Fernando Ferrari, nº 1080, Mata;1;"MANUTENÇÃO/ REFORMA PREDIAL - POSTO: ARTÍFICE; CARGA HORÁRIA: 44 HORAS SEMANAIS; TURNO: DIURNO.";CUSTOMIZE SERVIÇOS ADMINISTRATIVOS LTDA;27335066000199;122814,48;122814,48;07296722000184-1-000005/2026
2026-06-26;FUNDACAO DE AMPARO A PESQUISA E INOVACAO DO ESPIRITO SANTO - FAPES;Vitória;Pregão - Eletrônico;limpeza;Contratação de empresa especializada em prestação de serviços de artífice, copeiragem e limpeza e conservação, para atender as necessidades da FAPES, situada na Avenida Fernando Ferrari, nº 1080, Mata;2;COPEIRA 44H DIURNO;CUSTOMIZE SERVIÇOS ADMINISTRATIVOS LTDA;27335066000199;97026,48;97026,48;07296722000184-1-000005/2026
2026-06-26;FUNDACAO DE AMPARO A PESQUISA E INOVACAO DO ESPIRITO SANTO - FAPES;Vitória;Pregão - Eletrônico;limpeza;Contratação de empresa especializada em prestação de serviços de artífice, copeiragem e limpeza e conservação, para atender as necessidades da FAPES, situada na Avenida Fernando Ferrari, nº 1080, Mata;3;"LIMPEZA E CONSERVACAO PREDIAL - POSTO: AUXILIAR DE SERVIÇOS GERAIS CONVENCIONAL; INSALUBRIDADE: 20%; CARGA HORÁRIA: 44 HORAS SEMANAIS; TURNO: DIURNO; MATERIAIS INCLUÍDOS: NÃO.";CUSTOMIZE SERVIÇOS ADMINISTRATIVOS LTDA;27335066000199;112078,8;224157,6;07296722000184-1-000005/2026
2026-07-10;INSTITUTO FEDERAL DE EDUCACAO CIENCIA E TECNOLOGIA DO ESPIRITO SANTO;Vitória;Pregão - Eletrônico;limpeza;Contratação de empresa especializada para prestação dos serviços de limpeza, conservação e jardinagem, com fornecimento de materiais e equipamentos, para atender às necessidades do Instituto Federal d;1;Serviço Especializado de Limpeza;ADRIMAX PRESTACAO DE SERVICOS DE LIMPEZA E CONSERVACAO LTDA;13452604000110;4216587,12;4216587,12;10838653000106-1-000236/2026
2026-07-10;INSTITUTO FEDERAL DE EDUCACAO CIENCIA E TECNOLOGIA DO ESPIRITO SANTO;Vitória;Pregão - Eletrônico;limpeza;Contratação de empresa especializada para prestação dos serviços de limpeza, conservação e jardinagem, com fornecimento de materiais e equipamentos, para atender às necessidades do Instituto Federal d;2;Prestação de Serviço de Jardinagem - Áreas Brutas - 44H Semanais Diurnas - Outra Produtividade;ADRIMAX PRESTACAO DE SERVICOS DE LIMPEZA E CONSERVACAO LTDA;13452604000110;354753,36;354753,36;10838653000106-1-000236/2026
